PERIODO,SUICIDIOS
2020,3941
2019,3671
2018,3539
2017,3679
2016,3569
2015,3602
2014,3910
2013,3870
2012,3539
2011,3180
2010,3158
2009,3429
2008,3457
2007,3263
2006,3246
2005,3399
2004,3507
2003,3478
2002,3371
2001,3189
2000,3393
