PERIODO,SUICIDIOS MUJERES
2020,1011
2019,900
2018,920
2017,961
2016,907
2015,922
2014,972
2013,959
2012,815
2011,745
2010,690
2009,763
2008,781
2007,800
2006,734
2005,829
2004,856
2003,828
2002,817
2001,759
2000,819
